Time,precipitation
1-10 Jan 1981,58.38324
11-20 Jan 1981,52.66996
21-31 Jan 1981,52.62144
1-10 Feb 1981,86.33518
11-20 Feb 1981,120.1594
21-28 Feb 1981,56.25798
1-10 Mar 1981,121.628
11-20 Mar 1981,85.19239
21-31 Mar 1981,94.09427
1-10 Apr 1981,102.4523
11-20 Apr 1981,162.9397
21-30 Apr 1981,136.7701
1-10 May 1981,112.8917
11-20 May 1981,115.2043
21-31 May 1981,160.2409
1-10 Jun 1981,63.1176
11-20 Jun 1981,77.68673
21-30 Jun 1981,80.51923
1-10 Jul 1981,92.2029
11-20 Jul 1981,74.96463
21-31 Jul 1981,31.21171
1-10 Aug 1981,31.47695
11-20 Aug 1981,63.22525
21-31 Aug 1981,99.98645
1-10 Sep 1981,50.4661
11-20 Sep 1981,69.53226
21-30 Sep 1981,42.26402
1-10 Oct 1981,99.16929
11-20 Oct 1981,91.46306
21-31 Oct 1981,139.6564
1-10 Nov 1981,105.1969
11-20 Nov 1981,153.9335
21-30 Nov 1981,131.3086
1-10 Dec 1981,90.93608
11-20 Dec 1981,101.8334
21-31 Dec 1981,130.0395
1-10 Jan 1982,132.0041
11-20 Jan 1982,54.05548
21-31 Jan 1982,88.00494
1-10 Feb 1982,76.76797
11-20 Feb 1982,106.6686
21-28 Feb 1982,70.4826
1-10 Mar 1982,86.7818
11-20 Mar 1982,109.5729
21-31 Mar 1982,100.4628
1-10 Apr 1982,137.4662
11-20 Apr 1982,89.23259
21-30 Apr 1982,113.1266
1-10 May 1982,85.8813
11-20 May 1982,139.7483
21-31 May 1982,143.5474
1-10 Jun 1982,66.15793
11-20 Jun 1982,50.53537
21-30 Jun 1982,53.45232
1-10 Jul 1982,50.05704
11-20 Jul 1982,47.54983
21-31 Jul 1982,56.617
1-10 Aug 1982,34.23257
11-20 Aug 1982,31.96896
21-31 Aug 1982,37.89247
1-10 Sep 1982,49.0934
11-20 Sep 1982,114.0833
21-30 Sep 1982,92.49816
1-10 Oct 1982,139.9931
11-20 Oct 1982,130.6116
21-31 Oct 1982,150.6754
1-10 Nov 1982,122.2543
11-20 Nov 1982,140.624
21-30 Nov 1982,110.714
1-10 Dec 1982,146.6584
11-20 Dec 1982,120.6724
21-31 Dec 1982,121.772
1-10 Jan 1983,58.6508
11-20 Jan 1983,42.01849
21-31 Jan 1983,74.64283
1-10 Feb 1983,98.81554
11-20 Feb 1983,42.72583
21-28 Feb 1983,47.60636
1-10 Mar 1983,118.9058
11-20 Mar 1983,45.74113
21-31 Mar 1983,140.3011
1-10 Apr 1983,122.5406
11-20 Apr 1983,101.6006
21-30 Apr 1983,122.5786
1-10 May 1983,110.4766
11-20 May 1983,156.8715
21-31 May 1983,133.0581
1-10 Jun 1983,88.0516
11-20 Jun 1983,47.23679
21-30 Jun 1983,58.47248
1-10 Jul 1983,68.01946
11-20 Jul 1983,53.36891
21-31 Jul 1983,98.15371
1-10 Aug 1983,39.52242
11-20 Aug 1983,51.48257
21-31 Aug 1983,96.9809
1-10 Sep 1983,120.6125
11-20 Sep 1983,61.17054
21-30 Sep 1983,60.42476
1-10 Oct 1983,101.4926
11-20 Oct 1983,164.8483
21-31 Oct 1983,187.4791
1-10 Nov 1983,133.1117
11-20 Nov 1983,135.4311
21-30 Nov 1983,170.6841
1-10 Dec 1983,147.5417
11-20 Dec 1983,145.288
21-31 Dec 1983,124.5658
1-10 Jan 1984,137.4126
11-20 Jan 1984,104.0236
21-31 Jan 1984,104.699
1-10 Feb 1984,137.4264
11-20 Feb 1984,134.2184
21-29 Feb 1984,116.0389
1-10 Mar 1984,88.64696
11-20 Mar 1984,45.40244
21-31 Mar 1984,108.7683
1-10 Apr 1984,86.27016
11-20 Apr 1984,94.3413
21-30 Apr 1984,131.6229
1-10 May 1984,100.3947
11-20 May 1984,104.3829
21-31 May 1984,146.5185
1-10 Jun 1984,74.0146
11-20 Jun 1984,76.60312
21-30 Jun 1984,99.9622
1-10 Jul 1984,94.76759
11-20 Jul 1984,52.69192
21-31 Jul 1984,33.90301
1-10 Aug 1984,52.16306
11-20 Aug 1984,85.90759
21-31 Aug 1984,82.44893
1-10 Sep 1984,101.7505
11-20 Sep 1984,133.2663
21-30 Sep 1984,103.7712
1-10 Oct 1984,119.6198
11-20 Oct 1984,147.1252
21-31 Oct 1984,171.4171
1-10 Nov 1984,80.10302
11-20 Nov 1984,110.0312
21-30 Nov 1984,158.1572
1-10 Dec 1984,83.55203
11-20 Dec 1984,98.35703
21-31 Dec 1984,94.75493
1-10 Jan 1985,82.46782
11-20 Jan 1985,58.58318
21-31 Jan 1985,105.5023
1-10 Feb 1985,33.46418
11-20 Feb 1985,44.59314
21-28 Feb 1985,39.30207
1-10 Mar 1985,51.67085
11-20 Mar 1985,43.38865
21-31 Mar 1985,61.46671
1-10 Apr 1985,61.85802
11-20 Apr 1985,41.92118
21-30 Apr 1985,112.1953
1-10 May 1985,63.13527
11-20 May 1985,126.7183
21-31 May 1985,86.7942
1-10 Jun 1985,79.98027
11-20 Jun 1985,37.75456
21-30 Jun 1985,40.43554
1-10 Jul 1985,56.70104
11-20 Jul 1985,47.22663
21-31 Jul 1985,82.8558
1-10 Aug 1985,67.66535
11-20 Aug 1985,42.64516
21-31 Aug 1985,71.36364
1-10 Sep 1985,62.97174
11-20 Sep 1985,70.24215
21-30 Sep 1985,133.1202
1-10 Oct 1985,117.5444
11-20 Oct 1985,72.85381
21-31 Oct 1985,97.88755
1-10 Nov 1985,79.91508
11-20 Nov 1985,130.0175
21-30 Nov 1985,116.202
1-10 Dec 1985,67.16793
11-20 Dec 1985,80.46493
21-31 Dec 1985,95.02475
1-10 Jan 1986,73.14069
11-20 Jan 1986,103.3747
21-31 Jan 1986,107.9605
1-10 Feb 1986,48.66304
11-20 Feb 1986,106.3616
21-28 Feb 1986,71.81504
1-10 Mar 1986,81.37874
11-20 Mar 1986,86.37911
21-31 Mar 1986,69.51927
1-10 Apr 1986,115.2596
11-20 Apr 1986,96.57536
21-30 Apr 1986,100.2454
1-10 May 1986,103.3584
11-20 May 1986,112.131
21-31 May 1986,132.8999
1-10 Jun 1986,74.44694
11-20 Jun 1986,55.92651
21-30 Jun 1986,57.58714
1-10 Jul 1986,60.24796
11-20 Jul 1986,54.24931
21-31 Jul 1986,40.14916
1-10 Aug 1986,33.05777
11-20 Aug 1986,71.04834
21-31 Aug 1986,85.16046
1-10 Sep 1986,40.31235
11-20 Sep 1986,35.64047
21-30 Sep 1986,138.2526
1-10 Oct 1986,166.4229
11-20 Oct 1986,127.1707
21-31 Oct 1986,166.6376
1-10 Nov 1986,152.5382
11-20 Nov 1986,112.1571
21-30 Nov 1986,122.3442
1-10 Dec 1986,83.21886
11-20 Dec 1986,81.47474
21-31 Dec 1986,87.16598
1-10 Jan 1987,103.7781
11-20 Jan 1987,49.43242
21-31 Jan 1987,54.32625
1-10 Feb 1987,59.24744
11-20 Feb 1987,95.43068
21-28 Feb 1987,23.27682
1-10 Mar 1987,91.25057
11-20 Mar 1987,59.44931
21-31 Mar 1987,77.43204
1-10 Apr 1987,110.8514
11-20 Apr 1987,69.99052
21-30 Apr 1987,126.8703
1-10 May 1987,106.3307
11-20 May 1987,108.3425
21-31 May 1987,95.42774
1-10 Jun 1987,79.96212
11-20 Jun 1987,78.40442
21-30 Jun 1987,55.88563
1-10 Jul 1987,63.63884
11-20 Jul 1987,45.21542
21-31 Jul 1987,132.9257
1-10 Aug 1987,73.14196
11-20 Aug 1987,54.78487
21-31 Aug 1987,61.61289
1-10 Sep 1987,51.06043
11-20 Sep 1987,58.65163
21-30 Sep 1987,108.4834
1-10 Oct 1987,114.7458
11-20 Oct 1987,155.8921
21-31 Oct 1987,174.5279
1-10 Nov 1987,72.45287
11-20 Nov 1987,126.2122
21-30 Nov 1987,126.1993
1-10 Dec 1987,110.9328
11-20 Dec 1987,51.92646
21-31 Dec 1987,63.14654
1-10 Jan 1988,51.47453
11-20 Jan 1988,65.32175
21-31 Jan 1988,92.40797
1-10 Feb 1988,57.37457
11-20 Feb 1988,46.84517
21-29 Feb 1988,74.63519
1-10 Mar 1988,66.19577
11-20 Mar 1988,27.09999
21-31 Mar 1988,36.52015
1-10 Apr 1988,85.01601
11-20 Apr 1988,87.42235
21-30 Apr 1988,77.17245
1-10 May 1988,79.42403
11-20 May 1988,132.5369
21-31 May 1988,108.4204
1-10 Jun 1988,80.53504
11-20 Jun 1988,76.32009
21-30 Jun 1988,81.26176
1-10 Jul 1988,89.68694
11-20 Jul 1988,35.23434
21-31 Jul 1988,65.88911
1-10 Aug 1988,50.37528
11-20 Aug 1988,55.32893
21-31 Aug 1988,67.51585
1-10 Sep 1988,65.16948
11-20 Sep 1988,79.64367
21-30 Sep 1988,46.9708
1-10 Oct 1988,76.28687
11-20 Oct 1988,94.96395
21-31 Oct 1988,108.031
1-10 Nov 1988,155.5891
11-20 Nov 1988,197.6361
21-30 Nov 1988,160.3508
1-10 Dec 1988,132.113
11-20 Dec 1988,97.45261
21-31 Dec 1988,117.3311
1-10 Jan 1989,151.9989
11-20 Jan 1989,62.79435
21-31 Jan 1989,159.6715
1-10 Feb 1989,100.5662
11-20 Feb 1989,57.03639
21-28 Feb 1989,44.54127
1-10 Mar 1989,79.2548
11-20 Mar 1989,70.55659
21-31 Mar 1989,31.94242
1-10 Apr 1989,67.0892
11-20 Apr 1989,80.01534
21-30 Apr 1989,99.35439
1-10 May 1989,158.9323
11-20 May 1989,75.5822
21-31 May 1989,99.88942
1-10 Jun 1989,100.8902
11-20 Jun 1989,65.31836
21-30 Jun 1989,79.67822
1-10 Jul 1989,29.83512
11-20 Jul 1989,26.61941
21-31 Jul 1989,106.8641
1-10 Aug 1989,46.04698
11-20 Aug 1989,49.98385
21-31 Aug 1989,92.97078
1-10 Sep 1989,109.1284
11-20 Sep 1989,55.46355
21-30 Sep 1989,108.843
1-10 Oct 1989,134.7187
11-20 Oct 1989,133.4006
21-31 Oct 1989,158.7579
1-10 Nov 1989,79.55119
11-20 Nov 1989,89.13904
21-30 Nov 1989,92.0006
1-10 Dec 1989,83.2717
11-20 Dec 1989,59.56813
21-31 Dec 1989,128.6554
1-10 Jan 1990,96.83711
11-20 Jan 1990,60.94284
21-31 Jan 1990,57.32513
1-10 Feb 1990,134.0358
11-20 Feb 1990,85.27715
21-28 Feb 1990,39.62122
1-10 Mar 1990,50.03751
11-20 Mar 1990,75.00562
21-31 Mar 1990,122.3363
1-10 Apr 1990,58.89834
11-20 Apr 1990,116.6827
21-30 Apr 1990,132.6894
1-10 May 1990,131.2798
11-20 May 1990,75.53584
21-31 May 1990,86.76516
1-10 Jun 1990,71.93543
11-20 Jun 1990,78.22997
21-30 Jun 1990,71.03389
1-10 Jul 1990,90.33036
11-20 Jul 1990,63.27197
21-31 Jul 1990,45.39204
1-10 Aug 1990,24.90181
11-20 Aug 1990,22.04776
21-31 Aug 1990,62.65153
1-10 Sep 1990,50.59077
11-20 Sep 1990,63.15292
21-30 Sep 1990,93.45955
1-10 Oct 1990,139.6985
11-20 Oct 1990,118.7295
21-31 Oct 1990,126.699
1-10 Nov 1990,107.2303
11-20 Nov 1990,108.4007
21-30 Nov 1990,87.32809
1-10 Dec 1990,104.6364
11-20 Dec 1990,44.42926
21-31 Dec 1990,131.7077
1-10 Jan 1991,62.67583
11-20 Jan 1991,98.42528
21-31 Jan 1991,67.1966
1-10 Feb 1991,59.6036
11-20 Feb 1991,73.14577
21-28 Feb 1991,28.5208
1-10 Mar 1991,108.431
11-20 Mar 1991,75.26174
21-31 Mar 1991,104.8858
1-10 Apr 1991,81.3626
11-20 Apr 1991,99.36002
21-30 Apr 1991,88.33012
1-10 May 1991,119.6726
11-20 May 1991,124.8667
21-31 May 1991,112.6912
1-10 Jun 1991,71.7179
11-20 Jun 1991,74.25864
21-30 Jun 1991,96.41982
1-10 Jul 1991,84.8614
11-20 Jul 1991,50.13924
21-31 Jul 1991,76.78505
1-10 Aug 1991,61.39085
11-20 Aug 1991,19.29597
21-31 Aug 1991,19.27162
1-10 Sep 1991,31.45633
11-20 Sep 1991,75.66167
21-30 Sep 1991,126.9438
1-10 Oct 1991,111.3754
11-20 Oct 1991,59.60324
21-31 Oct 1991,122.2163
1-10 Nov 1991,152.2974
11-20 Nov 1991,122.7765
21-30 Nov 1991,115.8235
1-10 Dec 1991,119.5511
11-20 Dec 1991,100.8011
21-31 Dec 1991,104.2752
1-10 Jan 1992,59.7257
11-20 Jan 1992,55.54567
21-31 Jan 1992,93.44509
1-10 Feb 1992,58.40428
11-20 Feb 1992,62.38024
21-29 Feb 1992,56.84342
1-10 Mar 1992,83.65361
11-20 Mar 1992,63.68738
21-31 Mar 1992,45.99628
1-10 Apr 1992,66.97434
11-20 Apr 1992,119.6737
21-30 Apr 1992,116.8757
1-10 May 1992,94.83432
11-20 May 1992,107.7332
21-31 May 1992,104.2557
1-10 Jun 1992,76.32427
11-20 Jun 1992,44.39833
21-30 Jun 1992,47.5416
1-10 Jul 1992,74.50234
11-20 Jul 1992,60.99081
21-31 Jul 1992,27.35402
1-10 Aug 1992,55.70409
11-20 Aug 1992,67.60793
21-31 Aug 1992,69.71757
1-10 Sep 1992,57.32741
11-20 Sep 1992,92.496
21-30 Sep 1992,118.4381
1-10 Oct 1992,114.4317
11-20 Oct 1992,91.98046
21-31 Oct 1992,113.0171
1-10 Nov 1992,124.9898
11-20 Nov 1992,167.3566
21-30 Nov 1992,117.3261
1-10 Dec 1992,116.8562
11-20 Dec 1992,91.0106
21-31 Dec 1992,81.50827
1-10 Jan 1993,95.95528
11-20 Jan 1993,101.2905
21-31 Jan 1993,90.75491
1-10 Feb 1993,106.7484
11-20 Feb 1993,52.59244
21-28 Feb 1993,73.0876
1-10 Mar 1993,79.76671
11-20 Mar 1993,76.01495
21-31 Mar 1993,148.9243
1-10 Apr 1993,100.8873
11-20 Apr 1993,144.3697
21-30 Apr 1993,125.4017
1-10 May 1993,152.5033
11-20 May 1993,90.25468
21-31 May 1993,122.6434
1-10 Jun 1993,56.99577
11-20 Jun 1993,67.75494
21-30 Jun 1993,92.73344
1-10 Jul 1993,77.21131
11-20 Jul 1993,38.64069
21-31 Jul 1993,50.90978
1-10 Aug 1993,15.80064
11-20 Aug 1993,74.53584
21-31 Aug 1993,74.94672
1-10 Sep 1993,91.47459
11-20 Sep 1993,59.4481
21-30 Sep 1993,105.3581
1-10 Oct 1993,54.57902
11-20 Oct 1993,124.2176
21-31 Oct 1993,149.2752
1-10 Nov 1993,140.36
11-20 Nov 1993,145.5829
21-30 Nov 1993,125.1164
1-10 Dec 1993,130.4997
11-20 Dec 1993,124.4872
21-31 Dec 1993,96.94798
1-10 Jan 1994,84.19244
11-20 Jan 1994,125.5783
21-31 Jan 1994,103.4058
1-10 Feb 1994,65.99609
11-20 Feb 1994,53.08324
21-28 Feb 1994,95.78412
1-10 Mar 1994,121.2724
11-20 Mar 1994,85.84015
21-31 Mar 1994,113.1668
1-10 Apr 1994,140.3694
11-20 Apr 1994,113.1343
21-30 Apr 1994,95.61964
1-10 May 1994,90.39999
11-20 May 1994,115.4503
21-31 May 1994,147.3694
1-10 Jun 1994,67.30014
11-20 Jun 1994,60.52455
21-30 Jun 1994,77.20713
1-10 Jul 1994,66.44873
11-20 Jul 1994,20.70119
21-31 Jul 1994,79.13873
1-10 Aug 1994,61.94024
11-20 Aug 1994,29.79882
21-31 Aug 1994,32.49824
1-10 Sep 1994,34.83513
11-20 Sep 1994,35.19913
21-30 Sep 1994,132.7277
1-10 Oct 1994,130.9687
11-20 Oct 1994,124.7542
21-31 Oct 1994,108.908
1-10 Nov 1994,130.8322
11-20 Nov 1994,138.0591
21-30 Nov 1994,145.2927
1-10 Dec 1994,100.4036
11-20 Dec 1994,106.9284
21-31 Dec 1994,111.8163
1-10 Jan 1995,49.17861
11-20 Jan 1995,55.97653
21-31 Jan 1995,90.54414
1-10 Feb 1995,43.96915
11-20 Feb 1995,36.34716
21-28 Feb 1995,29.70284
1-10 Mar 1995,75.25629
11-20 Mar 1995,51.80403
21-31 Mar 1995,111.4051
1-10 Apr 1995,77.15995
11-20 Apr 1995,154.3317
21-30 Apr 1995,117.8017
1-10 May 1995,121.2666
11-20 May 1995,100.0689
21-31 May 1995,116.2943
1-10 Jun 1995,106.5064
11-20 Jun 1995,66.28223
21-30 Jun 1995,86.62454
1-10 Jul 1995,47.91466
11-20 Jul 1995,92.07106
21-31 Jul 1995,96.40246
1-10 Aug 1995,55.5749
11-20 Aug 1995,79.7181
21-31 Aug 1995,43.48829
1-10 Sep 1995,26.98252
11-20 Sep 1995,75.6026
21-30 Sep 1995,79.2943
1-10 Oct 1995,117.8686
11-20 Oct 1995,141.1831
21-31 Oct 1995,150.31
1-10 Nov 1995,163.7349
11-20 Nov 1995,153.6601
21-30 Nov 1995,102.6498
1-10 Dec 1995,94.0423
11-20 Dec 1995,130.7403
21-31 Dec 1995,124.9577
1-10 Jan 1996,72.59771
11-20 Jan 1996,157.297
21-31 Jan 1996,93.96946
1-10 Feb 1996,93.99781
11-20 Feb 1996,108.6802
21-29 Feb 1996,73.1638
1-10 Mar 1996,95.19994
11-20 Mar 1996,95.20668
21-31 Mar 1996,96.48501
1-10 Apr 1996,94.10989
11-20 Apr 1996,139.4951
21-30 Apr 1996,86.88049
1-10 May 1996,111.4656
11-20 May 1996,201.3879
21-31 May 1996,132.6751
1-10 Jun 1996,66.11404
11-20 Jun 1996,79.16884
21-30 Jun 1996,131.9819
1-10 Jul 1996,55.76594
11-20 Jul 1996,52.43121
21-31 Jul 1996,58.26014
1-10 Aug 1996,38.82036
11-20 Aug 1996,40.79915
21-31 Aug 1996,107.8743
1-10 Sep 1996,73.3672
11-20 Sep 1996,41.58626
21-30 Sep 1996,95.46266
1-10 Oct 1996,130.8608
11-20 Oct 1996,98.41388
21-31 Oct 1996,121.9573
1-10 Nov 1996,101.5444
11-20 Nov 1996,83.3486
21-30 Nov 1996,82.1539
1-10 Dec 1996,163.1164
11-20 Dec 1996,58.75735
21-31 Dec 1996,116.5161
1-10 Jan 1997,90.908
11-20 Jan 1997,128.7948
21-31 Jan 1997,97.28221
1-10 Feb 1997,105.6119
11-20 Feb 1997,86.9386
21-28 Feb 1997,53.79771
1-10 Mar 1997,103.5548
11-20 Mar 1997,73.078
21-31 Mar 1997,69.07771
1-10 Apr 1997,77.60053
11-20 Apr 1997,125.4835
21-30 Apr 1997,98.7502
1-10 May 1997,74.57823
11-20 May 1997,75.3152
21-31 May 1997,157.4486
1-10 Jun 1997,122.9688
11-20 Jun 1997,87.15918
21-30 Jun 1997,69.5532
1-10 Jul 1997,45.1434
11-20 Jul 1997,27.39219
21-31 Jul 1997,56.65601
1-10 Aug 1997,53.29308
11-20 Aug 1997,32.46394
21-31 Aug 1997,41.22824
1-10 Sep 1997,77.09737
11-20 Sep 1997,81.50014
21-30 Sep 1997,104.0809
1-10 Oct 1997,85.57064
11-20 Oct 1997,155.5812
21-31 Oct 1997,128.1644
1-10 Nov 1997,133.1615
11-20 Nov 1997,130.5023
21-30 Nov 1997,130.856
1-10 Dec 1997,77.95527
11-20 Dec 1997,69.7122
21-31 Dec 1997,55.67474
1-10 Jan 1998,42.55321
11-20 Jan 1998,67.64016
21-31 Jan 1998,50.52453
1-10 Feb 1998,106.9968
11-20 Feb 1998,90.72061
21-28 Feb 1998,47.1306
1-10 Mar 1998,60.98806
11-20 Mar 1998,75.9519
21-31 Mar 1998,135.637
1-10 Apr 1998,116.1803
11-20 Apr 1998,121.0302
21-30 Apr 1998,141.1257
1-10 May 1998,140.3456
11-20 May 1998,73.68011
21-31 May 1998,156.3416
1-10 Jun 1998,91.86178
11-20 Jun 1998,71.34386
21-30 Jun 1998,63.36809
1-10 Jul 1998,92.01364
11-20 Jul 1998,59.5564
21-31 Jul 1998,72.11402
1-10 Aug 1998,82.10821
11-20 Aug 1998,60.42892
21-31 Aug 1998,82.69027
1-10 Sep 1998,74.01241
11-20 Sep 1998,84.92412
21-30 Sep 1998,75.42371
1-10 Oct 1998,94.44184
11-20 Oct 1998,99.8319
21-31 Oct 1998,116.7569
1-10 Nov 1998,176.017
11-20 Nov 1998,143.4125
21-30 Nov 1998,120.209
1-10 Dec 1998,89.81261
11-20 Dec 1998,101.2236
21-31 Dec 1998,116.8958
1-10 Jan 1999,143.1987
11-20 Jan 1999,120.6461
21-31 Jan 1999,115.2498
1-10 Feb 1999,128.9071
11-20 Feb 1999,153.5571
21-28 Feb 1999,135.6838
1-10 Mar 1999,86.69577
11-20 Mar 1999,120.8021
21-31 Mar 1999,114.3423
1-10 Apr 1999,163.8175
11-20 Apr 1999,77.00235
21-30 Apr 1999,144.9206
1-10 May 1999,129.9697
11-20 May 1999,95.85809
21-31 May 1999,85.6003
1-10 Jun 1999,83.56836
11-20 Jun 1999,98.89023
21-30 Jun 1999,79.50043
1-10 Jul 1999,51.95174
11-20 Jul 1999,45.18061
21-31 Jul 1999,67.64507
1-10 Aug 1999,54.12092
11-20 Aug 1999,42.06789
21-31 Aug 1999,75.76914
1-10 Sep 1999,93.47398
11-20 Sep 1999,107.9149
21-30 Sep 1999,115.9582
1-10 Oct 1999,99.23691
11-20 Oct 1999,90.27472
21-31 Oct 1999,152.7576
1-10 Nov 1999,120.0352
11-20 Nov 1999,134.9366
21-30 Nov 1999,141.8234
1-10 Dec 1999,123.158
11-20 Dec 1999,128.172
21-31 Dec 1999,108.7806
1-10 Jan 2000,69.0592
11-20 Jan 2000,81.89626
21-31 Jan 2000,86.83663
1-10 Feb 2000,69.63192
11-20 Feb 2000,98.02131
21-29 Feb 2000,99.94274
1-10 Mar 2000,89.95602
11-20 Mar 2000,70.82513
21-31 Mar 2000,152.0253
1-10 Apr 2000,118.442
11-20 Apr 2000,106.2873
21-30 Apr 2000,97.58151
1-10 May 2000,125.886
11-20 May 2000,141.625
21-31 May 2000,115.4782
1-10 Jun 2000,85.36504
11-20 Jun 2000,93.46052
21-30 Jun 2000,76.07195
1-10 Jul 2000,62.41123
11-20 Jul 2000,91.96221
21-31 Jul 2000,75.24096
1-10 Aug 2000,75.11016
11-20 Aug 2000,48.73001
21-31 Aug 2000,71.63874
1-10 Sep 2000,87.85028
11-20 Sep 2000,60.29549
21-30 Sep 2000,109.1785
1-10 Oct 2000,80.4873
11-20 Oct 2000,62.8429
21-31 Oct 2000,163.8531
1-10 Nov 2000,72.0424
11-20 Nov 2000,120.1224
21-30 Nov 2000,75.63872
1-10 Dec 2000,115.6901
11-20 Dec 2000,94.35035
21-31 Dec 2000,115.7265
1-10 Jan 2001,68.73653
11-20 Jan 2001,99.02225
21-31 Jan 2001,51.86425
1-10 Feb 2001,67.83009
11-20 Feb 2001,61.99799
21-28 Feb 2001,60.63225
1-10 Mar 2001,79.96828
11-20 Mar 2001,84.59554
21-31 Mar 2001,77.92755
1-10 Apr 2001,59.57996
11-20 Apr 2001,91.26456
21-30 Apr 2001,77.38454
1-10 May 2001,114.8217
11-20 May 2001,101.6472
21-31 May 2001,142.0201
1-10 Jun 2001,81.91176
11-20 Jun 2001,99.99023
21-30 Jun 2001,33.47406
1-10 Jul 2001,65.63284
11-20 Jul 2001,84.4915
21-31 Jul 2001,67.53014
1-10 Aug 2001,32.30661
11-20 Aug 2001,23.62445
21-31 Aug 2001,46.53505
1-10 Sep 2001,72.45621
11-20 Sep 2001,105.8778
21-30 Sep 2001,118.2316
1-10 Oct 2001,53.81218
11-20 Oct 2001,93.1091
21-31 Oct 2001,104.5572
1-10 Nov 2001,60.17493
11-20 Nov 2001,166.5878
21-30 Nov 2001,183.9704
1-10 Dec 2001,106.4993
11-20 Dec 2001,114.1368
21-31 Dec 2001,138.6238
1-10 Jan 2002,89.03839
11-20 Jan 2002,94.88157
21-31 Jan 2002,72.13165
1-10 Feb 2002,62.72404
11-20 Feb 2002,49.66071
21-28 Feb 2002,52.80208
1-10 Mar 2002,56.38527
11-20 Mar 2002,125.2964
21-31 Mar 2002,105.2834
1-10 Apr 2002,114.4794
11-20 Apr 2002,87.38477
21-30 Apr 2002,162.5178
1-10 May 2002,64.11175
11-20 May 2002,105.7705
21-31 May 2002,100.7524
1-10 Jun 2002,106.8455
11-20 Jun 2002,40.40173
21-30 Jun 2002,27.81015
1-10 Jul 2002,54.87736
11-20 Jul 2002,91.95729
21-31 Jul 2002,53.43935
1-10 Aug 2002,32.96233
11-20 Aug 2002,26.18049
21-31 Aug 2002,88.06318
1-10 Sep 2002,52.44751
11-20 Sep 2002,49.78489
21-30 Sep 2002,75.65166
1-10 Oct 2002,77.31821
11-20 Oct 2002,115.5949
21-31 Oct 2002,190.4656
1-10 Nov 2002,138.2454
11-20 Nov 2002,101.6811
21-30 Nov 2002,73.13471
1-10 Dec 2002,108.5696
11-20 Dec 2002,151.7509
21-31 Dec 2002,78.21869
1-10 Jan 2003,31.82757
11-20 Jan 2003,90.25286
21-31 Jan 2003,49.06582
1-10 Feb 2003,62.04408
11-20 Feb 2003,75.55508
21-28 Feb 2003,64.08925
1-10 Mar 2003,42.81248
11-20 Mar 2003,93.94645
21-31 Mar 2003,87.44875
1-10 Apr 2003,88.70792
11-20 Apr 2003,116.3757
21-30 Apr 2003,103.3595
1-10 May 2003,139.5685
11-20 May 2003,78.1021
21-31 May 2003,167.3533
1-10 Jun 2003,105.1411
11-20 Jun 2003,99.41082
21-30 Jun 2003,69.42818
1-10 Jul 2003,86.9015
11-20 Jul 2003,36.17412
21-31 Jul 2003,30.76662
1-10 Aug 2003,72.46288
11-20 Aug 2003,40.89812
21-31 Aug 2003,71.09311
1-10 Sep 2003,63.78411
11-20 Sep 2003,67.01834
21-30 Sep 2003,105.6902
1-10 Oct 2003,128.3999
11-20 Oct 2003,139.9653
21-31 Oct 2003,146.7024
1-10 Nov 2003,116.3768
11-20 Nov 2003,128.5064
21-30 Nov 2003,156.2709
1-10 Dec 2003,100.0121
11-20 Dec 2003,91.31633
21-31 Dec 2003,98.48653
1-10 Jan 2004,79.35873
11-20 Jan 2004,104.2437
21-31 Jan 2004,41.32994
1-10 Feb 2004,27.68885
11-20 Feb 2004,65.75517
21-29 Feb 2004,54.91176
1-10 Mar 2004,64.79627
11-20 Mar 2004,39.68463
21-31 Mar 2004,107.7026
1-10 Apr 2004,75.163
11-20 Apr 2004,117.8713
21-30 Apr 2004,99.6482
1-10 May 2004,118.2325
11-20 May 2004,146.1415
21-31 May 2004,108.7122
1-10 Jun 2004,69.06017
11-20 Jun 2004,38.47849
21-30 Jun 2004,46.15874
1-10 Jul 2004,87.05357
11-20 Jul 2004,68.23744
21-31 Jul 2004,76.0031
1-10 Aug 2004,26.38918
11-20 Aug 2004,23.17067
21-31 Aug 2004,59.1567
1-10 Sep 2004,107.6985
11-20 Sep 2004,52.22566
21-30 Sep 2004,95.47482
1-10 Oct 2004,124.6749
11-20 Oct 2004,143.6733
21-31 Oct 2004,126.5944
1-10 Nov 2004,162.5901
11-20 Nov 2004,137.2948
21-30 Nov 2004,117.5069
1-10 Dec 2004,105.6333
11-20 Dec 2004,98.84644
21-31 Dec 2004,70.72933
1-10 Jan 2005,96.08358
11-20 Jan 2005,83.16922
21-31 Jan 2005,80.86961
1-10 Feb 2005,73.00906
11-20 Feb 2005,88.67942
21-28 Feb 2005,34.13402
1-10 Mar 2005,96.3427
11-20 Mar 2005,89.33712
21-31 Mar 2005,88.48308
1-10 Apr 2005,79.48257
11-20 Apr 2005,120.8374
21-30 Apr 2005,121.9438
1-10 May 2005,97.43744
11-20 May 2005,128.6105
21-31 May 2005,107.1506
1-10 Jun 2005,74.28535
11-20 Jun 2005,65.45869
21-30 Jun 2005,69.92171
1-10 Jul 2005,35.42769
11-20 Jul 2005,64.68105
21-31 Jul 2005,37.42788
1-10 Aug 2005,35.48733
11-20 Aug 2005,53.57089
21-31 Aug 2005,67.0263
1-10 Sep 2005,40.39434
11-20 Sep 2005,23.75062
21-30 Sep 2005,124.0131
1-10 Oct 2005,115.9781
11-20 Oct 2005,124.9234
21-31 Oct 2005,136.9502
1-10 Nov 2005,148.3931
11-20 Nov 2005,150.1109
21-30 Nov 2005,84.59406
1-10 Dec 2005,115.4957
11-20 Dec 2005,124.9227
21-31 Dec 2005,113.9007
1-10 Jan 2006,82.01737
11-20 Jan 2006,110.2073
21-31 Jan 2006,95.04137
1-10 Feb 2006,105.2476
11-20 Feb 2006,98.37866
21-28 Feb 2006,50.41453
1-10 Mar 2006,90.83234
11-20 Mar 2006,112.8045
21-31 Mar 2006,105.4317
1-10 Apr 2006,125.4306
11-20 Apr 2006,105.9465
21-30 Apr 2006,114.9801
1-10 May 2006,133.8878
11-20 May 2006,85.64552
21-31 May 2006,104.6395
1-10 Jun 2006,121.1012
11-20 Jun 2006,63.85925
21-30 Jun 2006,38.5024
1-10 Jul 2006,28.06535
11-20 Jul 2006,39.2851
21-31 Jul 2006,92.66113
1-10 Aug 2006,46.1209
11-20 Aug 2006,67.37709
21-31 Aug 2006,48.66896
1-10 Sep 2006,64.9613
11-20 Sep 2006,74.16051
21-30 Sep 2006,73.97105
1-10 Oct 2006,85.21382
11-20 Oct 2006,121.5869
21-31 Oct 2006,120.8636
1-10 Nov 2006,160.0441
11-20 Nov 2006,146.1395
21-30 Nov 2006,156.6519
1-10 Dec 2006,155.3137
11-20 Dec 2006,140.2956
21-31 Dec 2006,106.0875
1-10 Jan 2007,54.34895
11-20 Jan 2007,89.56956
21-31 Jan 2007,80.66725
1-10 Feb 2007,28.58468
11-20 Feb 2007,64.69939
21-28 Feb 2007,18.44558
1-10 Mar 2007,76.47978
11-20 Mar 2007,114.2416
21-31 Mar 2007,151.1799
1-10 Apr 2007,124.8238
11-20 Apr 2007,107.7526
21-30 Apr 2007,133.8126
1-10 May 2007,96.70635
11-20 May 2007,136.2985
21-31 May 2007,169.1378
1-10 Jun 2007,85.39845
11-20 Jun 2007,44.05925
21-30 Jun 2007,54.22004
1-10 Jul 2007,22.58087
11-20 Jul 2007,65.98827
21-31 Jul 2007,89.78905
1-10 Aug 2007,49.08752
11-20 Aug 2007,44.81776
21-31 Aug 2007,77.40248
1-10 Sep 2007,38.21066
11-20 Sep 2007,32.85794
21-30 Sep 2007,73.11427
1-10 Oct 2007,117.0683
11-20 Oct 2007,169.3963
21-31 Oct 2007,142.4102
1-10 Nov 2007,138.3595
11-20 Nov 2007,96.90463
21-30 Nov 2007,136.5799
1-10 Dec 2007,102.5259
11-20 Dec 2007,141.4555
21-31 Dec 2007,134.6011
1-10 Jan 2008,149.3277
11-20 Jan 2008,96.80699
21-31 Jan 2008,89.46256
1-10 Feb 2008,34.91993
11-20 Feb 2008,154.4864
21-29 Feb 2008,76.47791
1-10 Mar 2008,108.847
11-20 Mar 2008,81.69892
21-31 Mar 2008,122.4929
1-10 Apr 2008,83.58669
11-20 Apr 2008,105.6037
21-30 Apr 2008,144.629
1-10 May 2008,122.3471
11-20 May 2008,130.5457
21-31 May 2008,176.873
1-10 Jun 2008,101.3455
11-20 Jun 2008,104.7544
21-30 Jun 2008,92.07021
1-10 Jul 2008,83.32822
11-20 Jul 2008,63.89017
21-31 Jul 2008,106.7273
1-10 Aug 2008,61.63199
11-20 Aug 2008,73.57397
21-31 Aug 2008,99.776
1-10 Sep 2008,74.76403
11-20 Sep 2008,68.43678
21-30 Sep 2008,86.32563
1-10 Oct 2008,113.6073
11-20 Oct 2008,120.895
21-31 Oct 2008,128.5465
1-10 Nov 2008,88.8159
11-20 Nov 2008,129.1067
21-30 Nov 2008,134.1465
1-10 Dec 2008,102.2089
11-20 Dec 2008,114.1559
21-31 Dec 2008,97.13179
1-10 Jan 2009,100.1272
11-20 Jan 2009,104.3962
21-31 Jan 2009,144.17
1-10 Feb 2009,71.78602
11-20 Feb 2009,131.1131
21-28 Feb 2009,61.7008
1-10 Mar 2009,62.20346
11-20 Mar 2009,100.5716
21-31 Mar 2009,144.4241
1-10 Apr 2009,85.22981
11-20 Apr 2009,78.60719
21-30 Apr 2009,111.366
1-10 May 2009,122.6127
11-20 May 2009,92.17804
21-31 May 2009,108.1483
1-10 Jun 2009,78.69738
11-20 Jun 2009,102.414
21-30 Jun 2009,89.49319
1-10 Jul 2009,64.78271
11-20 Jul 2009,52.92094
21-31 Jul 2009,55.02356
1-10 Aug 2009,53.27142
11-20 Aug 2009,83.42579
21-31 Aug 2009,74.12708
1-10 Sep 2009,50.62662
11-20 Sep 2009,51.88271
21-30 Sep 2009,36.26118
1-10 Oct 2009,63.56783
11-20 Oct 2009,127.2288
21-31 Oct 2009,130.7517
1-10 Nov 2009,109.8209
11-20 Nov 2009,108.9338
21-30 Nov 2009,151.2953
1-10 Dec 2009,106.0811
11-20 Dec 2009,94.26699
21-31 Dec 2009,102.5878
1-10 Jan 2010,32.39172
11-20 Jan 2010,27.89947
21-31 Jan 2010,93.90793
1-10 Feb 2010,89.07909
11-20 Feb 2010,71.88274
21-28 Feb 2010,85.72378
1-10 Mar 2010,78.87246
11-20 Mar 2010,81.4535
21-31 Mar 2010,80.3388
1-10 Apr 2010,155.8561
11-20 Apr 2010,118.1999
21-30 Apr 2010,92.03392
1-10 May 2010,118.926
11-20 May 2010,94.51414
21-31 May 2010,106.3117
1-10 Jun 2010,81.42749
11-20 Jun 2010,77.49913
21-30 Jun 2010,64.33749
1-10 Jul 2010,121.9941
11-20 Jul 2010,108.3484
21-31 Jul 2010,67.83652
1-10 Aug 2010,51.08221
11-20 Aug 2010,35.10672
21-31 Aug 2010,64.54437
1-10 Sep 2010,85.54404
11-20 Sep 2010,47.04732
21-30 Sep 2010,66.28107
1-10 Oct 2010,94.2357
11-20 Oct 2010,115.1775
21-31 Oct 2010,171.0271
1-10 Nov 2010,155.9601
11-20 Nov 2010,209.4218
21-30 Nov 2010,123.3703
1-10 Dec 2010,136.2464
11-20 Dec 2010,167.925
21-31 Dec 2010,95.74955
1-10 Jan 2011,84.52734
11-20 Jan 2011,64.82488
21-31 Jan 2011,107.571
1-10 Feb 2011,98.5458
11-20 Feb 2011,132.6608
21-28 Feb 2011,96.83302
1-10 Mar 2011,98.87878
11-20 Mar 2011,62.36573
21-31 Mar 2011,99.44324
1-10 Apr 2011,153.1053
11-20 Apr 2011,143.0726
21-30 Apr 2011,135.4409
1-10 May 2011,52.8764
11-20 May 2011,167.7576
21-31 May 2011,93.91372
1-10 Jun 2011,81.8972
11-20 Jun 2011,66.35437
21-30 Jun 2011,80.76003
1-10 Jul 2011,84.54932
11-20 Jul 2011,68.60678
21-31 Jul 2011,105.5829
1-10 Aug 2011,37.54604
11-20 Aug 2011,58.80567
21-31 Aug 2011,73.28996
1-10 Sep 2011,60.75889
11-20 Sep 2011,79.00461
21-30 Sep 2011,91.84508
1-10 Oct 2011,168.94
11-20 Oct 2011,118.3051
21-31 Oct 2011,99.71366
1-10 Nov 2011,126.4372
11-20 Nov 2011,117.2137
21-30 Nov 2011,136.3574
1-10 Dec 2011,151.4816
11-20 Dec 2011,133.5815
21-31 Dec 2011,79.51333
1-10 Jan 2012,124.6599
11-20 Jan 2012,150.8366
21-31 Jan 2012,110.0312
1-10 Feb 2012,83.01835
11-20 Feb 2012,75.45588
21-29 Feb 2012,89.23963
1-10 Mar 2012,74.53505
11-20 Mar 2012,85.77493
21-31 Mar 2012,102.8533
1-10 Apr 2012,127.854
11-20 Apr 2012,103.3002
21-30 Apr 2012,110.1342
1-10 May 2012,81.56904
11-20 May 2012,81.32792
21-31 May 2012,55.04205
1-10 Jun 2012,58.81568
11-20 Jun 2012,61.21537
21-30 Jun 2012,59.73318
1-10 Jul 2012,55.50178
11-20 Jul 2012,53.04946
21-31 Jul 2012,44.69594
1-10 Aug 2012,27.93374
11-20 Aug 2012,60.37008
21-31 Aug 2012,42.5604
1-10 Sep 2012,21.59027
11-20 Sep 2012,32.0524
21-30 Sep 2012,59.8452
1-10 Oct 2012,135.5447
11-20 Oct 2012,128.6967
21-31 Oct 2012,114.6467
1-10 Nov 2012,129.506
11-20 Nov 2012,140.6846
21-30 Nov 2012,112.1938
1-10 Dec 2012,96.44505
11-20 Dec 2012,93.25978
21-31 Dec 2012,107.0521
1-10 Jan 2013,40.28038
11-20 Jan 2013,87.31734
21-31 Jan 2013,71.1621
1-10 Feb 2013,151.3076
11-20 Feb 2013,66.35126
21-28 Feb 2013,61.51367
1-10 Mar 2013,76.16008
11-20 Mar 2013,122.4546
21-31 Mar 2013,110.2542
1-10 Apr 2013,73.8774
11-20 Apr 2013,157.6667
21-30 Apr 2013,92.76232
1-10 May 2013,151.5466
11-20 May 2013,140.3221
21-31 May 2013,161.7758
1-10 Jun 2013,54.16011
11-20 Jun 2013,63.46521
21-30 Jun 2013,79.33947
1-10 Jul 2013,68.77795
11-20 Jul 2013,51.98045
21-31 Jul 2013,42.27028
1-10 Aug 2013,100.3749
11-20 Aug 2013,74.61059
21-31 Aug 2013,55.88255
1-10 Sep 2013,62.34694
11-20 Sep 2013,55.6606
21-30 Sep 2013,84.19922
1-10 Oct 2013,92.1749
11-20 Oct 2013,122.328
21-31 Oct 2013,142.3128
1-10 Nov 2013,104.2188
11-20 Nov 2013,134.0594
21-30 Nov 2013,152.1395
1-10 Dec 2013,134.3428
11-20 Dec 2013,108.388
21-31 Dec 2013,79.33285
1-10 Jan 2014,116.9543
11-20 Jan 2014,57.68761
21-31 Jan 2014,102.7451
1-10 Feb 2014,78.65874
11-20 Feb 2014,126.7923
21-28 Feb 2014,95.32019
1-10 Mar 2014,136.9787
11-20 Mar 2014,94.5751
21-31 Mar 2014,81.72929
1-10 Apr 2014,61.75977
11-20 Apr 2014,73.02164
21-30 Apr 2014,126.6591
1-10 May 2014,139.5068
11-20 May 2014,113.6915
21-31 May 2014,132.5907
1-10 Jun 2014,81.71604
11-20 Jun 2014,34.0618
21-30 Jun 2014,56.97636
1-10 Jul 2014,38.46684
11-20 Jul 2014,30.50518
21-31 Jul 2014,31.1489
1-10 Aug 2014,39.53452
11-20 Aug 2014,37.00998
21-31 Aug 2014,35.67155
1-10 Sep 2014,33.97345
11-20 Sep 2014,71.19851
21-30 Sep 2014,52.23427
1-10 Oct 2014,134.6936
11-20 Oct 2014,116.4348
21-31 Oct 2014,166.012
1-10 Nov 2014,171.1112
11-20 Nov 2014,150.1688
21-30 Nov 2014,98.12206
1-10 Dec 2014,115.1587
11-20 Dec 2014,113.4193
21-31 Dec 2014,48.4364
1-10 Jan 2015,28.01043
11-20 Jan 2015,94.75416
21-31 Jan 2015,102.5751
1-10 Feb 2015,69.36077
11-20 Feb 2015,53.72892
21-28 Feb 2015,36.85572
1-10 Mar 2015,59.75332
11-20 Mar 2015,88.31691
21-31 Mar 2015,82.50576
1-10 Apr 2015,59.39764
11-20 Apr 2015,111.4897
21-30 Apr 2015,65.56883
1-10 May 2015,86.96497
11-20 May 2015,101.6892
21-31 May 2015,75.38257
1-10 Jun 2015,37.0097
11-20 Jun 2015,28.69399
21-30 Jun 2015,20.5707
1-10 Jul 2015,63.37895
11-20 Jul 2015,33.342
21-31 Jul 2015,46.06026
1-10 Aug 2015,48.78955
11-20 Aug 2015,28.23224
21-31 Aug 2015,35.03563
1-10 Sep 2015,39.50488
11-20 Sep 2015,47.36466
21-30 Sep 2015,66.95383
1-10 Oct 2015,84.02759
11-20 Oct 2015,117.0427
21-31 Oct 2015,120.0892
1-10 Nov 2015,112.8613
11-20 Nov 2015,215.8305
21-30 Nov 2015,132.4248
1-10 Dec 2015,133.4757
11-20 Dec 2015,88.43729
21-31 Dec 2015,61.86669
1-10 Jan 2016,120.9972
11-20 Jan 2016,23.44606
21-31 Jan 2016,32.50696
1-10 Feb 2016,41.36523
11-20 Feb 2016,44.06566
21-29 Feb 2016,47.82683
1-10 Mar 2016,86.15492
11-20 Mar 2016,59.33737
21-31 Mar 2016,76.78562
1-10 Apr 2016,77.87364
11-20 Apr 2016,62.2785
21-30 Apr 2016,91.92717
1-10 May 2016,129.7267
11-20 May 2016,44.40201
21-31 May 2016,101.0847
1-10 Jun 2016,47.95847
11-20 Jun 2016,33.97134
21-30 Jun 2016,38.6361
1-10 Jul 2016,41.59523
11-20 Jul 2016,41.42695
21-31 Jul 2016,46.15906
1-10 Aug 2016,18.11068
11-20 Aug 2016,17.03977
21-31 Aug 2016,44.96305
1-10 Sep 2016,36.30245
11-20 Sep 2016,62.74747
21-30 Sep 2016,71.34232
1-10 Oct 2016,122.8427
11-20 Oct 2016,87.17771
21-31 Oct 2016,123.022
1-10 Nov 2016,115.8081
11-20 Nov 2016,103.2721
21-30 Nov 2016,74.53613
1-10 Dec 2016,89.27595
11-20 Dec 2016,94.95212
21-31 Dec 2016,116.3399
1-10 Jan 2017,106.0152
11-20 Jan 2017,129.5889
21-31 Jan 2017,55.86895
1-10 Feb 2017,33.41101
11-20 Feb 2017,48.78778
21-28 Feb 2017,67.70338
1-10 Mar 2017,109.1533
11-20 Mar 2017,117.4083
21-31 Mar 2017,170.3029
1-10 Apr 2017,56.53054
11-20 Apr 2017,112.599
21-30 Apr 2017,78.60067
1-10 May 2017,161.7224
11-20 May 2017,95.24287
21-31 May 2017,59.80526
1-10 Jun 2017,59.27953
11-20 Jun 2017,82.79429
21-30 Jun 2017,43.33779
1-10 Jul 2017,22.55602
11-20 Jul 2017,30.46892
21-31 Jul 2017,18.21452
1-10 Aug 2017,42.3283
11-20 Aug 2017,68.45461
21-31 Aug 2017,63.12922
1-10 Sep 2017,34.86952
11-20 Sep 2017,34.1813
21-30 Sep 2017,57.901
1-10 Oct 2017,105.5298
11-20 Oct 2017,37.10297
21-31 Oct 2017,123.0364
1-10 Nov 2017,99.19061
11-20 Nov 2017,134.5042
21-30 Nov 2017,61.14298
1-10 Dec 2017,89.93707
11-20 Dec 2017,41.64476
21-31 Dec 2017,99.48842
1-10 Jan 2018,94.44035
11-20 Jan 2018,82.84645
21-31 Jan 2018,42.45517
1-10 Feb 2018,52.59457
11-20 Feb 2018,90.5359
21-28 Feb 2018,32.45928
1-10 Mar 2018,35.03204
11-20 Mar 2018,40.5141
21-31 Mar 2018,111.7871
1-10 Apr 2018,84.05647
11-20 Apr 2018,67.87708
21-30 Apr 2018,71.67475
1-10 May 2018,116.5698
11-20 May 2018,120.6622
21-31 May 2018,82.99149
1-10 Jun 2018,51.26532
11-20 Jun 2018,34.44744
21-30 Jun 2018,43.47403
1-10 Jul 2018,34.09917
11-20 Jul 2018,20.16499
21-31 Jul 2018,68.63976
1-10 Aug 2018,32.98232
11-20 Aug 2018,20.50426
21-31 Aug 2018,20.95294
1-10 Sep 2018,33.64439
11-20 Sep 2018,66.78661
21-30 Sep 2018,40.68917
1-10 Oct 2018,97.67216
11-20 Oct 2018,90.88456
21-31 Oct 2018,92.77905
1-10 Nov 2018,129.0495
11-20 Nov 2018,145.7596
21-30 Nov 2018,157.7963
1-10 Dec 2018,67.78581
11-20 Dec 2018,43.30789
21-31 Dec 2018,23.29061
1-10 Jan 2019,57.20479
11-20 Jan 2019,48.93684
21-31 Jan 2019,55.33179
1-10 Feb 2019,49.80626
11-20 Feb 2019,49.44536
21-28 Feb 2019,64.65866
1-10 Mar 2019,72.53117
11-20 Mar 2019,83.20033
21-31 Mar 2019,104.1525
1-10 Apr 2019,97.60892
11-20 Apr 2019,111.8374
21-30 Apr 2019,102.3974
1-10 May 2019,63.32813
11-20 May 2019,112.7699
21-31 May 2019,147.5144
1-10 Jun 2019,45.69977
11-20 Jun 2019,27.82843
21-30 Jun 2019,36.76941
1-10 Jul 2019,32.44281
11-20 Jul 2019,22.72073
21-31 Jul 2019,40.07457
1-10 Aug 2019,19.4028
11-20 Aug 2019,18.40228
21-31 Aug 2019,19.02632
1-10 Sep 2019,18.40913
11-20 Sep 2019,63.28271
21-30 Sep 2019,68.55981
1-10 Oct 2019,78.48682
11-20 Oct 2019,112.6709
21-31 Oct 2019,98.91868
1-10 Nov 2019,149.5584
11-20 Nov 2019,175.7712
21-30 Nov 2019,66.15113
1-10 Dec 2019,100.0499
11-20 Dec 2019,101.0794
21-31 Dec 2019,93.0994
1-10 Jan 2020,41.33816
11-20 Jan 2020,31.17983
21-31 Jan 2020,62.12222
1-10 Feb 2020,34.97336
11-20 Feb 2020,37.39918
21-29 Feb 2020,91.07298
1-10 Mar 2020,39.77017
11-20 Mar 2020,76.04925
21-31 Mar 2020,37.0708
1-10 Apr 2020,51.62984
11-20 Apr 2020,81.19267
21-30 Apr 2020,84.38009
1-10 May 2020,54.93047
11-20 May 2020,94.72842
21-31 May 2020,109.0049
1-10 Jun 2020,73.55396
11-20 Jun 2020,56.0972
21-30 Jun 2020,63.4299
1-10 Jul 2020,117.472
11-20 Jul 2020,37.72325
21-31 Jul 2020,67.23337
1-10 Aug 2020,12.15239
11-20 Aug 2020,78.61526
21-31 Aug 2020,61.87623
1-10 Sep 2020,25.57852
11-20 Sep 2020,42.49101
21-30 Sep 2020,45.6813
1-10 Oct 2020,43.47803
11-20 Oct 2020,71.04516
21-31 Oct 2020,112.7757
1-10 Nov 2020,47.61405
11-20 Nov 2020,123.8747
21-30 Nov 2020,123.2961
1-10 Dec 2020,128.1704
11-20 Dec 2020,95.12404
21-31 Dec 2020,146.241
1-10 Jan 2021,86.85473
11-20 Jan 2021,44.79353
21-31 Jan 2021,59.08009
1-10 Feb 2021,
11-20 Feb 2021,
21-28 Feb 2021,
